{
    "$schema": "https://schema.management.azure.com/schemas/2015-01-01/deploymentParameters.json#",
    "contentVersion": "1.0.0.0",
    "parameters": {
        "factoryName": {
            "value": "adfsyncpipelines"
        },
        "AzureBlobStorage1_connectionString": {
            "value": ""
        },
        "AzureFunction1_functionKey": {
            "value": ""
        },
        "HttpServer1_properties_typeProperties_url": {
            "value": "https://api.openweathermap.org/data/2.5/weather?q=Delhi&appid=eae27443a9f6a2ac26579b3299ecc056"
        },
        "AzureFunction1_properties_typeProperties_functionAppUrl": {
            "value": "https://demofunsapp.azurewebsites.net"
        }
    }
}